{"stats":{"minecraft:used":{"minecraft:wooden_axe":1,"minecraft:crafting_table":1},"minecraft:mined":{"minecraft:dark_oak_log":4,"minecraft:crafting_table":1},"minecraft:custom":{"minecraft:jump":3,"minecraft:time_since_rest":3473,"minecraft:play_time":3473,"minecraft:damage_taken":10,"minecraft:time_since_death":3473,"minecraft:walk_one_cm":5374,"minecraft:total_world_time":3473,"minecraft:interact_with_crafting_table":2,"minecraft:fall_one_cm":335},"minecraft:picked_up":{"minecraft:crafting_table":1,"minecraft:dark_oak_log":4},"minecraft:crafted":{"minecraft:dark_oak_planks":16,"minecraft:crafting_table":1,"minecraft:stick":8,"minecraft:wooden_axe":1}},"DataVersion":3465}