{"stats":{"minecraft:used":{"minecraft:wooden_axe":42,"minecraft:stone_pickaxe":157,"minecraft:wooden_pickaxe":81,"minecraft:wooden_shovel":9,"minecraft:crafting_table":3,"minecraft:furnace":1},"minecraft:broken":{"minecraft:stone_pickaxe":1,"minecraft:wooden_axe":1,"minecraft:wooden_pickaxe":1},"minecraft:mined":{"minecraft:iron_ore":11,"minecraft:dark_oak_log":4,"minecraft:andesite":12,"minecraft:crafting_table":2,"minecraft:granite":23,"minecraft:grass":1,"minecraft:grass_block":3,"minecraft:coal_ore":79,"minecraft:dirt":6,"minecraft:copper_ore":7,"minecraft:stone":106},"minecraft:custom":{"minecraft:time_since_rest":23407,"minecraft:sprint_one_cm":7110,"minecraft:interact_with_furnace":3,"minecraft:damage_taken":10,"minecraft:walk_one_cm":61422,"minecraft:mob_kills":9,"minecraft:damage_dealt":1465,"minecraft:interact_with_crafting_table":11,"minecraft:fly_one_cm":9698,"minecraft:play_time":23407,"minecraft:jump":246,"minecraft:leave_game":2,"minecraft:time_since_death":23407,"minecraft:total_world_time":23407,"minecraft:fall_one_cm":1651},"minecraft:picked_up":{"minecraft:raw_iron":11,"minecraft:crafting_table":2,"minecraft:andesite":12,"minecraft:leather":5,"minecraft:dark_oak_log":45,"minecraft:dirt":9,"minecraft:raw_copper":21,"minecraft:bone":3,"minecraft:arrow":3,"minecraft:rotten_flesh":2,"minecraft:beef":6,"minecraft:granite":23,"minecraft:coal":78,"minecraft:cobblestone":103},"minecraft:killed":{"minecraft:skeleton":3,"minecraft:zombie":4,"minecraft:cow":2},"minecraft:crafted":{"minecraft:cooked_beef":6,"minecraft:wooden_shovel":1,"minecraft:crafting_table":1,"minecraft:stick":48,"minecraft:wooden_pickaxe":2,"minecraft:stone_pickaxe":2,"minecraft:wooden_axe":3,"minecraft:furnace":1,"minecraft:dark_oak_planks":180,"minecraft:stone_axe":2,"minecraft:air":0}},"DataVersion":3465}