{"stats":{"minecraft:used":{"minecraft:wooden_axe":31,"minecraft:wooden_pickaxe":37,"minecraft:wooden_shovel":9,"minecraft:crafting_table":3,"minecraft:furnace":1},"minecraft:broken":{"minecraft:wooden_axe":1},"minecraft:mined":{"minecraft:dark_oak_log":4,"minecraft:andesite":12,"minecraft:crafting_table":2,"minecraft:grass":1,"minecraft:grass_block":3,"minecraft:coal_ore":12,"minecraft:dirt":6,"minecraft:stone":13},"minecraft:custom":{"minecraft:time_since_rest":11407,"minecraft:sprint_one_cm":5505,"minecraft:interact_with_furnace":2,"minecraft:damage_taken":10,"minecraft:walk_one_cm":30501,"minecraft:mob_kills":6,"minecraft:damage_dealt":995,"minecraft:interact_with_crafting_table":7,"minecraft:fly_one_cm":8668,"minecraft:play_time":11407,"minecraft:jump":90,"minecraft:leave_game":2,"minecraft:time_since_death":11407,"minecraft:total_world_time":11407,"minecraft:fall_one_cm":544},"minecraft:picked_up":{"minecraft:crafting_table":2,"minecraft:andesite":12,"minecraft:leather":5,"minecraft:dark_oak_log":45,"minecraft:dirt":9,"minecraft:rotten_flesh":2,"minecraft:beef":6,"minecraft:coal":12,"minecraft:cobblestone":13},"minecraft:killed":{"minecraft:zombie":4,"minecraft:cow":2},"minecraft:crafted":{"minecraft:cooked_beef":4,"minecraft:wooden_shovel":1,"minecraft:crafting_table":1,"minecraft:stick":48,"minecraft:wooden_pickaxe":2,"minecraft:wooden_axe":3,"minecraft:furnace":1,"minecraft:dark_oak_planks":180,"minecraft:air":0}},"DataVersion":3465}