{"stats":{"minecraft:used":{"minecraft:dark_oak_planks":1,"minecraft:wooden_axe":52,"minecraft:stone_pickaxe":158,"minecraft:wooden_pickaxe":81,"minecraft:wooden_shovel":9,"minecraft:sand":1,"minecraft:dirt":52,"minecraft:crafting_table":3,"minecraft:furnace":1},"minecraft:broken":{"minecraft:stone_pickaxe":1,"minecraft:wooden_axe":2,"minecraft:wooden_pickaxe":1},"minecraft:mined":{"minecraft:furnace":1,"minecraft:iron_ore":11,"minecraft:dark_oak_log":4,"minecraft:andesite":12,"minecraft:crafting_table":3,"minecraft:granite":23,"minecraft:grass":1,"minecraft:grass_block":3,"minecraft:coal_ore":79,"minecraft:dirt":9,"minecraft:copper_ore":7,"minecraft:stone":106,"minecraft:dark_oak_planks":1},"minecraft:custom":{"minecraft:time_since_rest":29557,"minecraft:sprint_one_cm":11100,"minecraft:interact_with_furnace":5,"minecraft:damage_taken":10,"minecraft:walk_one_cm":90802,"minecraft:mob_kills":12,"minecraft:damage_dealt":1765,"minecraft:interact_with_crafting_table":11,"minecraft:fly_one_cm":11561,"minecraft:play_time":29557,"minecraft:sneak_time":12,"minecraft:walk_under_water_one_cm":1525,"minecraft:jump":335,"minecraft:leave_game":3,"minecraft:walk_on_water_one_cm":5062,"minecraft:time_since_death":29557,"minecraft:total_world_time":29557,"minecraft:fall_one_cm":2398},"minecraft:picked_up":{"minecraft:stick":1,"minecraft:raw_iron":11,"minecraft:crafting_table":3,"minecraft:chicken":1,"minecraft:andesite":14,"minecraft:leather":5,"minecraft:sand":3,"minecraft:gunpowder":1,"minecraft:dark_oak_planks":1,"minecraft:string":1,"minecraft:dark_oak_log":92,"minecraft:dirt":67,"minecraft:raw_copper":21,"minecraft:bone":3,"minecraft:arrow":3,"minecraft:rotten_flesh":2,"minecraft:beef":6,"minecraft:granite":23,"minecraft:coal":141,"minecraft:furnace":1,"minecraft:cobblestone":103},"minecraft:killed":{"minecraft:skeleton":3,"minecraft:zombie":4,"minecraft:chicken":1,"minecraft:spider":1,"minecraft:cow":2},"minecraft:crafted":{"minecraft:cooked_beef":6,"minecraft:wooden_shovel":1,"minecraft:crafting_table":1,"minecraft:stick":48,"minecraft:iron_ingot":11,"minecraft:wooden_pickaxe":2,"minecraft:stone_pickaxe":2,"minecraft:wooden_axe":3,"minecraft:furnace":1,"minecraft:dark_oak_planks":180,"minecraft:stone_axe":2,"minecraft:air":0}},"DataVersion":3465}